[
    { "name": "Juan Pérez", "earnedSalary": 2000, "deductions": 200, "netSalary": 1800, "date": "01/11/2024" },
    { "name": "María López", "earnedSalary": 2500, "deductions": 250, "netSalary": 2250, "date": "05/11/2024" },
    { "name": "Luis García", "earnedSalary": 4000, "deductions": 500, "netSalary": 2500, "date": "10/11/2024" },
    { "name": "Ana Torres", "earnedSalary": 2200, "deductions": 150, "netSalary": 2050, "date": "15/11/2024" },
    { "name": "Carlos Ruiz", "earnedSalary": 2700, "deductions": 400, "netSalary": 2400, "date": "20/11/2024" },
    { "name": "Lucía Martínez", "earnedSalary": 2500, "deductions": 250, "netSalary": 2250, "date": "25/11/2024" },
    { "name": "Miguel Fernández", "earnedSalary": 2400, "deductions": 200, "netSalary": 2100, "date": "30/11/2024" },
    { "name": "Sofía Rodríguez", "earnedSalary": 2600, "deductions": 250, "netSalary": 2450, "date": "02/10/2024" },
    { "name": "Diego Sánchez", "earnedSalary": 2100, "deductions": 150, "netSalary": 1950, "date": "14/10/2024" },
    { "name": "Mariana López", "earnedSalary": 2400, "deductions": 200, "netSalary": 2200, "date": "28/10/2024" },
    { "name": "Pedro Morales", "earnedSalary": 1800, "deductions": 100, "netSalary": 1700, "date": "01/09/2024" },
    { "name": "Raúl Ríos", "earnedSalary": 2900, "deductions": 400, "netSalary": 2600, "date": "12/09/2024" },
    { "name": "Laura Blanco", "earnedSalary": 2100, "deductions": 200, "netSalary": 1900, "date": "25/09/2024" },
    { "name": "Andrés Castillo", "earnedSalary": 2700, "deductions": 250, "netSalary": 2450, "date": "10/08/2024" },
    { "name": "Carla Méndez", "earnedSalary": 2400, "deductions": 200, "netSalary": 2100, "date": "15/08/2024" },
    { "name": "Esteban Peña", "earnedSalary": 2600, "deductions": 150, "netSalary": 2450, "date": "30/08/2024" },
    { "name": "Isabel Reyes", "earnedSalary": 2500, "deductions": 400, "netSalary": 2200, "date": "02/07/2024" },
    { "name": "Ricardo Soto", "earnedSalary": 2700, "deductions": 200, "netSalary": 2500, "date": "15/07/2024" },
    { "name": "Patricia Nieto", "earnedSalary": 1900, "deductions": 150, "netSalary": 1750, "date": "25/07/2024" },
    { "name": "Álvaro Delgado", "earnedSalary": 2800, "deductions": 400, "netSalary": 2500, "date": "05/06/2024" },
    { "name": "Rosa Salazar", "earnedSalary": 2100, "deductions": 100, "netSalary": 2000, "date": "15/06/2024" },
    { "name": "Luis Romero", "earnedSalary": 2400, "deductions": 200, "netSalary": 2200, "date": "40/06/2024" },
    { "name": "Paola Núñez", "earnedSalary": 2400, "deductions": 250, "netSalary": 2050, "date": "10/05/2024" },
    { "name": "Julio Cruz", "earnedSalary": 2200, "deductions": 200, "netSalary": 2000, "date": "25/05/2024" },
    { "name": "Gabriela Solís", "earnedSalary": 2500, "deductions": 400, "netSalary": 2200, "date": "05/04/2024" },
    { "name": "Marta Figueroa", "earnedSalary": 2000, "deductions": 150, "netSalary": 1850, "date": "15/04/2024" },
    { "name": "Fernando Durán", "earnedSalary": 2700, "deductions": 200, "netSalary": 2500, "date": "40/04/2024" },
    { "name": "Nancy Ruiz", "earnedSalary": 1800, "deductions": 100, "netSalary": 1700, "date": "01/04/2024" },
    { "name": "Jorge Vargas", "earnedSalary": 2900, "deductions": 400, "netSalary": 2600, "date": "15/04/2024" },
    { "name": "Monica Ortiz", "earnedSalary": 2100, "deductions": 150, "netSalary": 1950, "date": "25/04/2025" }
]
