[
    { "date": "01/09/2024", "netSalary": 1800, "deductions": 200, "earnedSalary": 2000 },
    { "date": "01/09/2024", "netSalary": 1850, "deductions": 250, "earnedSalary": 2100 },
    { "date": "01/09/2024", "netSalary": 1900, "deductions": 300, "earnedSalary": 2200 },
    { "date": "01/09/2024", "netSalary": 1950, "deductions": 250, "earnedSalary": 2200 },
    { "date": "01/09/2024", "netSalary": 2000, "deductions": 300, "earnedSalary": 2300 },
    { "date": "01/09/2024", "netSalary": 2100, "deductions": 350, "earnedSalary": 2450 },
    { "date": "01/07/2024", "netSalary": 2150, "deductions": 300, "earnedSalary": 2450 },
    { "date": "28/1/2024", "netSalary": 2200, "deductions": 400, "earnedSalary": 2600 },
    { "date": "10/10/2024", "netSalary": 1250, "deductions": 350, "earnedSalary": 2600 },
    { "date": "06/10/2024", "netSalary": 2300, "deductions": 400, "earnedSalary": 2700 },
    { "date": "01/10/2024", "netSalary": 550, "deductions": 450, "earnedSalary": 2800 },
    { "date": "05/10/2024", "netSalary": 2400, "deductions": 400, "earnedSalary": 2800 }
]
