{
  "$schema": "https://ui.shadcn.com/schema.json",
  "style": "new-york",
  "rsc": false,
  "tsx": true,
  "tailwind": {
    "config": "",
    "css": "src/index.css",
    "baseColor": "gray",
    "cssVariables": true,
    "prefix": ""
  },
  "aliases": {
    "components": "@/modules/common/components",
    "utils": "@/modules/common/lib/utils",
    "ui": "@/modules/common/components/ui",
    "lib": "@/modules/common/lib",
    "hooks": "@/modules/common/hooks"
  },
  "iconLibrary": "lucide"
}