[
    { "name": "Juan Pérez", "healthContribution": 200, "pensionContribution": 250, "riskContribution": 50, "date": "01/11/2024" },
    { "name": "María López", "healthContribution": 220, "pensionContribution": 270, "riskContribution": 60, "date": "05/11/2024" },
    { "name": "Luis García", "healthContribution": 250, "pensionContribution": 300, "riskContribution": 70, "date": "10/11/2024" },
    { "name": "Ana Torres", "healthContribution": 210, "pensionContribution": 260, "riskContribution": 55, "date": "15/11/2024" },
    { "name": "Carlos Ruiz", "healthContribution": 230, "pensionContribution": 290, "riskContribution": 65, "date": "20/11/2024" },
    { "name": "Lucía Martínez", "healthContribution": 240, "pensionContribution": 280, "riskContribution": 60, "date": "25/11/2024" },
    { "name": "Miguel Fernández", "healthContribution": 220, "pensionContribution": 270, "riskContribution": 55, "date": "01/10/2024" },
    { "name": "Sofía Rodríguez", "healthContribution": 250, "pensionContribution": 290, "riskContribution": 70, "date": "02/10/2024" },
    { "name": "Diego Sánchez", "healthContribution": 200, "pensionContribution": 250, "riskContribution": 50, "date": "14/10/2024" },
    { "name": "Mariana López", "healthContribution": 230, "pensionContribution": 290, "riskContribution": 60, "date": "28/10/2024" }
]
