[
    { "name": "Juan Pérez", "withholding": 100, "healthContribution": 50, "pensionContribution": 50, "date": "01/11/2024" },
    { "name": "María López", "withholding": 120, "healthContribution": 60, "pensionContribution": 70, "date": "05/11/2024" },
    { "name": "Luis García", "withholding": 150, "healthContribution": 80, "pensionContribution": 100, "date": "10/11/2024" },
    { "name": "Ana Torres", "withholding": 90, "healthContribution": 45, "pensionContribution": 55, "date": "15/11/2024" },
    { "name": "Carlos Ruiz", "withholding": 130, "healthContribution": 65, "pensionContribution": 75, "date": "20/11/2024" },
    { "name": "Lucía Martínez", "withholding": 110, "healthContribution": 55, "pensionContribution": 65, "date": "25/11/2024" },
    { "name": "Miguel Fernández", "withholding": 115, "healthContribution": 60, "pensionContribution": 70, "date": "01/10/2024" },
    { "name": "Sofía Rodríguez", "withholding": 125, "healthContribution": 62, "pensionContribution": 73, "date": "02/10/2024" },
    { "name": "Diego Sánchez", "withholding": 105, "healthContribution": 52, "pensionContribution": 63, "date": "14/10/2024" },
    { "name": "Mariana López", "withholding": 130, "healthContribution": 65, "pensionContribution": 75, "date": "28/10/2024" },
    { "name": "Pedro Morales", "withholding": 95, "healthContribution": 47, "pensionContribution": 53, "date": "01/09/2024" },
    { "name": "Raúl Ríos", "withholding": 140, "healthContribution": 70, "pensionContribution": 80, "date": "12/09/2024" },
    { "name": "Laura Blanco", "withholding": 110, "healthContribution": 55, "pensionContribution": 60, "date": "25/09/2024" },
    { "name": "Andrés Castillo", "withholding": 135, "healthContribution": 67, "pensionContribution": 80, "date": "10/08/2024" },
    { "name": "Carla Méndez", "withholding": 115, "healthContribution": 58, "pensionContribution": 70, "date": "15/08/2024" },
    { "name": "Esteban Peña", "withholding": 125, "healthContribution": 62, "pensionContribution": 73, "date": "01/08/2024" },
    { "name": "Isabel Reyes", "withholding": 140, "healthContribution": 70, "pensionContribution": 80, "date": "02/07/2024" },
    { "name": "Ricardo Soto", "withholding": 120, "healthContribution": 60, "pensionContribution": 70, "date": "15/07/2024" },
    { "name": "Patricia Nieto", "withholding": 100, "healthContribution": 50, "pensionContribution": 60, "date": "25/07/2024" },
    { "name": "Álvaro Delgado", "withholding": 145, "healthContribution": 72, "pensionContribution": 85, "date": "05/06/2024" },
    { "name": "Rosa Salazar", "withholding": 105, "healthContribution": 52, "pensionContribution": 63, "date": "15/06/2024" },
    { "name": "Luis Romero", "withholding": 115, "healthContribution": 58, "pensionContribution": 70, "date": "01/06/2024" },
    { "name": "Paola Núñez", "withholding": 120, "healthContribution": 60, "pensionContribution": 72, "date": "10/05/2024" },
    { "name": "Julio Cruz", "withholding": 110, "healthContribution": 55, "pensionContribution": 65, "date": "25/05/2024" },
    { "name": "Gabriela Solís", "withholding": 140, "healthContribution": 70, "pensionContribution": 80, "date": "05/04/2024" },
    { "name": "Marta Figueroa", "withholding": 95, "healthContribution": 48, "pensionContribution": 57, "date": "15/04/2024" },
    { "name": "Fernando Durán", "withholding": 125, "healthContribution": 63, "pensionContribution": 75, "date": "01/04/2024" },
    { "name": "Nancy Ruiz", "withholding": 90, "healthContribution": 45, "pensionContribution": 55, "date": "01/03/2024" },
    { "name": "Jorge Vargas", "withholding": 140, "healthContribution": 70, "pensionContribution": 80, "date": "15/03/2024" },
    { "name": "Monica Ortiz", "withholding": 105, "healthContribution": 52, "pensionContribution": 63, "date": "25/03/2024" }
]
